"name","enabled","OperatingSystem"
"DCSDC02","False","Windows Server 2012 R2 Standard"
"DCWDC01","False","Windows Server 2016 Standard"
"DCAWS02B","True","Windows Server 2019 Standard"
"DCAWS01","True","Windows Server 2019 Standard"
"PWISHCD01","False","Windows Server 2008 R2 Enterprise"
"LC-01","True","Windows Server 2016 Standard"
"TVSERVER","True","Windows Server 2012 R2 Standard"
"CASDC01","True","Windows Server 2012 R2 Standard"
"vwisy01","False","Windows Server 2008 R2 Enterprise"
"CWAP01PMVWI","False","Windows Server 2012 Standard"
"co47114w14","False",
"PS01PMVWI","False","Windows Server 2012 Standard"
"PSSDC01","True","Windows Server 2012 R2 Standard"
"PNC-PRODUCT01","False","Windows Server? 2008 Enterprise"
"PNC-TEST01","False","Windows Server? 2008 Enterprise"
"FS01PMVCL","False","Windows Server 2012 Standard"
"AD0305W14","True","Windows 7 Enterprise"
"HPO0344H","False","Windows 7 Enterprise"
"NDSDC04","False","Windows Server 2012 R2 Standard"
"NDSDC02","False","Windows Server 2012 R2 Standard"
"FSSDC01","False",
"NDSDC01","False","Windows Server 2012 R2 Standard"
"NDSDC03","False","Windows Server 2012 R2 Standard"
"CLSDC01","False","Windows Server 2012 R2 Standard"
"CS35105W16","False","Windows 10 Enterprise"
"CS35101W16","False","Windows 10 Enterprise"
"CS35108W16","False","Windows 10 Enterprise"
"CS35109W16","False","Windows 10 Enterprise"
"CS35107W16","False","Windows 10 Enterprise"
"CS35104W16","False","Windows 10 Enterprise"
"CS35110W16","False","Windows 10 Enterprise"
"CS35103W16","False","Windows 10 Enterprise"
"ND04","False","Windows Server 2012 Standard"
"SQ02PMVCL","False","Windows Server 2012 Standard"
"WL344IW16","False","Windows 10 Enterprise"
"WL344DW16","False","Windows 10 Enterprise"
"WL344EW16","True","Windows 10 Enterprise"
"WL344CW16","False","Windows 10 Enterprise"
"WL344HW16","False","Windows 10 Enterprise"
"WL344FW16","False","Windows 10 Enterprise"
"MOSESFD1","False","Windows 7 Enterprise"
"AS474LW16","False","Windows 10 Enterprise"
"cwis01pmvwi","False","Windows Server 2012 R2 Standard"
"IFSM3961W716","True","Windows 7 Professional"
"COUNSXPS13-1","True","Windows 7 Enterprise"
"AAAHCPC2","True","Windows 7 Professional"
"VWIFS02","True","Windows Server 2008 R2 Enterprise"
"FSH01","True","Windows Server 2016 Standard"
"sccm","False","Windows Server 2016 Standard"
"FSH02","True","Windows Server 2016 Standard"
"AAAHCPC3","True","Windows 7 Professional"
"AS303PC2W17","True","Windows 10 Enterprise"
"cmsb4906w15","True",
"WH411PC1W17","True","Windows 10 Enterprise"
"CSMB4906W17","True","Windows 10 Enterprise"
"CSGC914W17","True","Windows 10 Enterprise"
"CSBK58W715","True","Windows 7 Enterprise"
"AD474IW18","True","Windows 10 Enterprise"
"AI347DW18","True","Windows 10 Enterprise"
"PCSTUDENT2W18","False","Windows 10 Enterprise"
"AD474KW18","True","Windows 10 Enterprise"
"ADMIN474FW18","True","Windows 10 Enterprise"
"PC3FD1W18","True","Windows 10 Enterprise"
"WH412W18","True","Windows 10 Enterprise"
"PCROGB32W18","True","Windows 10 Enterprise"
"PC3FD2W18","True","Windows 10 Enterprise"
"PC3FD3W18","True","Windows 10 Enterprise"
"FSM01","True","Windows Server 2016 Standard"
"fsm02","True","Windows Server 2016 Standard"
"PC4FD3W18","False","Windows 10 Enterprise"
"MR1W18","True","Windows 10 Enterprise"
"MR2W18","True","Windows 10 Enterprise"
"MCPANTRYW20","False","Windows 10 Enterprise"
"RX1W18","False","Windows 10 Enterprise"
"CS4FD2W18","True","Windows 10 Enterprise"
"WHFD1W18","True","Windows 10 Enterprise"
"WHFD2W18","True","Windows 10 Enterprise"
"CS4FD3W18","True","Windows 10 Enterprise"
"CS4FD1W18","True","Windows 10 Enterprise"
"ALFD2W18","True","Windows 10 Enterprise"
"CS4FD4W18","True","Windows 10 Enterprise"
"ALFD1W18","True","Windows 10 Enterprise"
"PTFD2W18","False","Windows 10 Enterprise"
"ADFD2W18","False","Windows 10 Enterprise"
"PTFD1W18","False","Windows 10 Enterprise"
"BKFD1W18","True","Windows 10 Enterprise"
"CS3FD1W18","True","Windows 10 Enterprise"
"PC334W18","True","Windows 10 Enterprise"
"PC322B3W18","True","Windows 10 Enterprise"
"PC307W18","False","Windows 10 Enterprise"
"PC304W18","True","Windows 10 Enterprise"
"PC322B2W18","True","Windows 10 Enterprise"
"MOSESFD06","False","Windows 7 Enterprise"
"MOSES203B","True","Windows 10 Enterprise"
"CR310W17","False","Windows 10 Enterprise"
"PCROGB034W16","True","Windows 10 Enterprise"
"MR336FW20","False","Windows 10 Enterprise"
"SB920FDW17","True","Windows 10 Enterprise"
"WLFD1W17","True","Windows 10 Enterprise"
"MC203AO","True","Windows 10 Enterprise"
"MC203AQ","True","Windows 10 Enterprise"
"MC215FW20","True","Windows 10 Enterprise"
"MC203AG","True","Windows 10 Enterprise"
"MC203AL","True","Windows 10 Enterprise"
"MC203AA","True","Windows 10 Enterprise"
"MC203AC","True","Windows 10 Enterprise"
"MC203AE","True","Windows 10 Enterprise"
"MC203AN","True","Windows 10 Enterprise"
"MC203AD","True","Windows 10 Enterprise"
"MC203AJ","True","Windows 10 Enterprise"
"MC214BW20","True","Windows 10 Enterprise"
"MC203AK","True","Windows 10 Enterprise"
"MC203AF","True","Windows 10 Enterprise"
"MC215GW20","True","Windows 10 Enterprise"
"MC214AW20","False","Windows 10 Enterprise"
"MC203AR","True","Windows 10 Enterprise"
"MC214DW20","True","Windows 10 Enterprise"
"MC203AB","True","Windows 10 Enterprise"
"MC203AM","True","Windows 10 Enterprise"
"MC203AP","True","Windows 10 Enterprise"
"MC215EW20","True","Windows 10 Enterprise"
"MC203AH","True","Windows 10 Enterprise"
"MC214CW20","True","Windows 10 Enterprise"
"PC322B1W18","True","Windows 10 Enterprise"
"PA1W18","False","Windows 10 Enterprise"
"PA2W18","True","Windows 10 Enterprise"
"PA3W18","True","Windows 10 Enterprise"
"PA4W18","True","Windows 10 Enterprise"
"PA5W18","True","Windows 10 Enterprise"
"PA6W18","True","Windows 10 Enterprise"
"PA7W18","True","Windows 10 Enterprise"
"PA8W18","True","Windows 10 Enterprise"
"PA10W18","True","Windows 10 Enterprise"
"PA9W10","True","Windows 10 Enterprise"
"PA12W18","True","Windows 10 Enterprise"
"PA11W18","True","Windows 10 Enterprise"
"PA15W18","True","Windows 10 Enterprise"
"PA14W18","True","Windows 10 Enterprise"
"RX341PC1W18","False","Windows 10 Enterprise"
"PA13W18","True","Windows 10 Enterprise"
"PC319W18","True","Windows 10 Enterprise"
"PC318W18","True","Windows 10 Enterprise"
"PC322AW18","True","Windows 10 Enterprise"
"PC315W18","True","Windows 10 Enterprise"
"PC326W18","True","Windows 10 Enterprise"
"PC328W18","True","Windows 10 Enterprise"
"PC312W18","True","Windows 10 Enterprise"
"PC324W18","True","Windows 10 Enterprise"
"PC3NS1W18","True","Windows 10 Enterprise"
"PC3NS4W18","True","Windows 10 Enterprise"
"PC3NS2W18","True","Windows 10 Enterprise"
"PC3NS3W18","True","Windows 10 Enterprise"
"PC321W18","True","Windows 10 Enterprise"
"PC320W18","True","Windows 10 Enterprise"
"PC311W18","True","Windows 10 Enterprise"
"PC306W18","True","Windows 10 Enterprise"
"PC307AW18","True","Windows 10 Enterprise"
"PC325W18","True","Windows 10 Enterprise"
"AI347IW19","True","Windows 10 Enterprise"
"MR6W18","True","Windows 10 Enterprise"
"PC457C1W18","True","Windows 10 Enterprise"
"PC457C2W18","True","Windows 10 Enterprise"
"PC457C3W18","True","Windows 10 Enterprise"
"PC457C4W18","True","Windows 10 Enterprise"
"PC457A2W18","True","Windows 10 Enterprise"
"PC457A1W18","True","Windows 10 Enterprise"
"PC457A4W18","True","Windows 10 Enterprise"
"PC457A3W18","True","Windows 10 Enterprise"
"PC459C1W18","True","Windows 10 Enterprise"
"PC459C3W18","True","Windows 10 Enterprise"
"PC459C4W18","True","Windows 10 Enterprise"
"PC459C2W18","True","Windows 10 Enterprise"
"PC459C5W18","True","Windows 10 Enterprise"
"PC468C2W18","True","Windows 10 Enterprise"
"PC468C3W18","True","Windows 10 Enterprise"
"PC468C1W18","True","Windows 10 Enterprise"
"PC468C4W18","True","Windows 10 Enterprise"
"WH427C2W18","True","Windows 10 Enterprise"
"WH427C1W18","True","Windows 10 Enterprise"
"PC4NS2W18","True","Windows 10 Enterprise"
"PC4NS1W18","True","Windows 10 Enterprise"
"PC4NS3W18","True","Windows 10 Enterprise"
"PC4NS4W18","True","Windows 10 Enterprise"
"PC4NS7W18","True","Windows 10 Enterprise"
"PC4NS6W18","True","Windows 10 Enterprise"
"PC4NS8W18","True","Windows 10 Enterprise"
"PC4NS5W18","True","Windows 10 Enterprise"
"WH408W18","True","Windows 10 Enterprise"
"WH407W18","True","Windows 10 Enterprise"
"WH410W18","True","Windows 10 Enterprise"
"WH409W18","True","Windows 10 Enterprise"
"WH418W18","True","Windows 10 Enterprise"
"WH406W18","True","Windows 10 Enterprise"
"PC436W18","True","Windows 10 Enterprise"
"PC430W18","True","Windows 10 Enterprise"
"PC428W18","True","Windows 10 Enterprise"
"WH421W18","True","Windows 10 Enterprise"
"PC424C1W18","True","Windows 10 Enterprise"
"PC424C4W18","True","Windows 10 Enterprise"
"PC424C3W18","True","Windows 10 Enterprise"
"PC424C2W18","True","Windows 10 Enterprise"
"PC448W18","True","Windows 10 Enterprise"
"PC449W18","True","Windows 10 Enterprise"
"PC439W18","True","Windows 10 Enterprise"
"WH423C2W18","True","Windows 10 Enterprise"
"WH423C1W18","True","Windows 10 Enterprise"
"PC424C5W18","True","Windows 10 Enterprise"
"WH405W18","True","Windows 10 Enterprise"
"PC454W18","True","Windows 10 Enterprise"
"WH411C1W18","True","Windows 10 Enterprise"
"PC453W18","True","Windows 10 Enterprise"
"WHNS3W18","True","Windows 10 Enterprise"
"WHNS1W18","True","Windows 10 Enterprise"
"WHNS2W18","True","Windows 10 Enterprise"
"WHNS4W18","True","Windows 10 Enterprise"
"PC426W2018","True","Windows 10 Enterprise"
"MOSESBK1W18","False","Windows 10 Enterprise"
"CRCYAW18","False","Windows 10 Enterprise"
"CSCJW18","False","Windows 10 Enterprise"
"CSLAPSEC485W15","True","Windows 7 Enterprise"
"MOSES353HWW18","True","Windows 10 Enterprise"
"PC309W18","True","Windows 10 Enterprise"
"IF352HW19","True","Windows 10 Enterprise"
"IF352JW19","True","Windows 10 Enterprise"
"CSLAPDM160W15","True","Windows 7 Enterprise"
"PTHF20W18","False","Windows 10 Enterprise"
"SPIROMETRYW18","True","Windows 10 Enterprise"
"MCMLM218W18","False","Windows 10 Enterprise"
"MCBCB4W18","False","Windows 10 Enterprise"
"WH411LP1W18","False","Windows 10 Enterprise"
"CSLAPER592W15","True","Windows 7 Enterprise"
"OPPL40W18","False","Windows 10 Enterprise"
"MCIKB329W18","False","Windows 10 Enterprise"
"MCMH4984W18","False","Windows 10 Enterprise"
"WL344K1W18","True","Windows 10 Enterprise"
"WL344K5W18","False","Windows 10 Enterprise"
"WL344K7W18","False","Windows 10 Enterprise"
"WL344K12W18","True","Windows 10 Enterprise"
"CSPOLLS4309W18","True","Windows 10 Enterprise"
"CWSDC04","False","Windows Server 2012 R2 Standard"
"MC202EW19","True","Windows 10 Enterprise"
"IF352DW19","True","Windows 10 Enterprise"
"CSCHAFFM01W18","True","Windows 10 Enterprise"
"SB920FW18","True","Windows 10 Enterprise"
"FAAS100W18","True","Windows 10 Enterprise"
"SB920DW18","False","Windows 10 Enterprise"
"SB920CW18","True","Windows 10 Enterprise"
"SB920BW18","True","Windows 10 Enterprise"
"PCROGBO23W18","True","Windows 10 Enterprise"
"PCROGBO25W18","True","Windows 10 Enterprise"
"PCROGBO27W18","True","Windows 10 Enterprise"
"PCROGBO29W18","True","Windows 10 Enterprise"
"PCROGBO31W18","True","Windows 10 Enterprise"
"MOSES2MTW19","False","Windows 10 Enterprise"
"QIMZ2138W18","True","Windows 10 Enterprise"
"RA341AW19","False","Windows 10 Enterprise"
"AS303PC1W18","True","Windows 10 Enterprise"
"PCROGB026AW19","True","Windows 10 Enterprise"
"PCROGB026BW19","True","Windows 10 Enterprise"
"PCROGB026CW19","True","Windows 10 Enterprise"
"CSROGB046W19","True","Windows 10 Enterprise"
"CSROGB048W19","True","Windows 10 Enterprise"
"PCROGB039W19","True","Windows 10 Enterprise"
"CSROGB047W19","True","Windows 10 Enterprise"
"PCROGB041W19","False","Windows 10 Enterprise"
"MOROGB042W19","True","Windows 10 Enterprise"
"CSROGB040W19","True","Windows 10 Enterprise"
"PC307W19","True","Windows 10 Enterprise"
"CSROGB044W19","False","Windows 10 Enterprise"
"PCROGBO28LABW19","True","Windows 10 Enterprise"
"SP330AW19","True","Windows 10 Enterprise"
"SP330BW19","True","Windows 10 Enterprise"
"SP330CW19","True","Windows 10 Enterprise"
"AI347HW19","True","Windows 10 Enterprise"
"MC202CW18","True","Windows 10 Enterprise"
"MC202BW18","True","Windows 10 Enterprise"
"PC314W18","True","Windows 10 Enterprise"
"PC313W18","True","Windows 10 Enterprise"
"CSSBS533W18","True","Windows 10 Enterprise"
"WH417W18","True","Windows 10 Enterprise"
"WH414W18","True","Windows 10 Enterprise"
"WH415W18","True","Windows 10 Enterprise"
"WH419W18","True","Windows 10 Enterprise"
"WH420W18","True","Windows 10 Enterprise"
"WL344K6W18","True","Windows 10 Enterprise"
"WL344K10W18","True","Windows 10 Enterprise"
"WL344K8W18","True","Windows 10 Enterprise"
"WL344K4W18","True","Windows 10 Enterprise"
"WL344K2W18","True","Windows 10 Enterprise"
"PTLG102W18","False","Windows 10 Enterprise"
"SB920EW18","True","Windows 10 Enterprise"
"AD474DW18","True","Windows 10 Enterprise"
"PC450W18","True","Windows 10 Enterprise"
"PC444W18","True","Windows 10 Enterprise"
"PC446W18","True","Windows 10 Enterprise"
"PC441W18","True","Windows 10 Enterprise"
"PC445W18","True","Windows 10 Enterprise"
"PC442W18","True","Windows 10 Enterprise"
"PC425W18","True","Windows 10 Enterprise"
"PC443W18","True","Windows 10 Enterprise"
"PC432W18","True","Windows 10 Enterprise"
"PC452W18","True","Windows 10 Enterprise"
"PC455W18","True","Windows 10 Enterprise"
"PC435W18","True","Windows 10 Enterprise"
"PC438W18","True","Windows 10 Enterprise"
"PC451W18","True","Windows 10 Enterprise"
"PC437W18","True","Windows 10 Enterprise"
"PC447W18","True","Windows 10 Enterprise"
"MONDOPAD_CC47","False","Windows 7 Professional"
"MC202DW20","True","Windows 10 Enterprise"
"SP333AW19","True","Windows 10 Enterprise"
"SP333BW19","True","Windows 10 Enterprise"
"AI347FW19","True","Windows 10 Enterprise"
"SP333EW19","True","Windows 10 Enterprise"
"SP333FW19","True","Windows 10 Enterprise"
"SP333GW19","True","Windows 10 Enterprise"
"HPO402CW19","True","Windows 10 Enterprise"
"FI476W19","True","Windows 10 Enterprise"
"FI478W19","True","Windows 10 Enterprise"
"SP331W19","True","Windows 10 Enterprise"
"PC340W19","True","Windows 10 Enterprise"
"PC341BW19","False","Windows 10 Enterprise"
"PCROGBO33W19","True","Windows 10 Enterprise"
"HPSTUDW19","False","Windows 10 Enterprise"
"HPSTUFW19","False","Windows 10 Enterprise"
"MC353HW19","True","Windows 10 Enterprise"
"PC431W19","True","Windows 10 Enterprise"
"PHARM4W19","True","Windows 10 Enterprise"
"PHARM3W19","True","Windows 10 Enterprise"
"CRCDS5232W16","True","Windows 7 Enterprise"
"MCFD2W19","True","Windows 10 Enterprise"
"MCFD1W19","True","Windows 10 Enterprise"
"MCFD4W19","True","Windows 10 Enterprise"
"MCFD3W19","False","Windows 10 Enterprise"
"MC202AW20","True","Windows 10 Enterprise"
"MC211W19","False","Windows 10 Enterprise"
"MC210W19","True","Windows 10 Enterprise"
"MC353DW19","True","Windows 10 Enterprise"
"MC353BW19","True","Windows 10 Enterprise"
"MC353EW19","True","Windows 10 Enterprise"
"MC353GW19","False","Windows 10 Enterprise"
"MCR3AW19","True","Windows 10 Enterprise"
"DBAG_PNC-DEV","False",
"MC202BW19","True","Windows 10 Enterprise"
"WHSVR38W19","False","Windows 10 Enterprise"
"RADIOLOGYCDROM","False","Windows 10 Enterprise"
"MCJSC578LPW20","True","Windows 10 Enterprise"
"CRCSL3129W19","False","Windows 10 Enterprise"
"CRCBAH296W19","False","Windows 10 Enterprise"
"CRCSC5829W19","False","Windows 10 Enterprise"
"CSGC914W19","False","Windows 10 Enterprise"
"PTEB1230WTEMP","False","Windows 10 Enterprise"
"CSDS5232W19","False","Windows 10 Enterprise"
"WLER592W19","False","Windows 10 Enterprise"
"ADPD5LPW20","False","Windows 10 Enterprise"
"MC202CW19","False","Windows 10 Enterprise"
"CRCBMM454W16","True","Windows 7 Enterprise"
"CRCSL3129W715","True","Windows 7 Enterprise"
"PHARM5W19","True","Windows 10 Enterprise"
"AIPSA3LPW19","False","Windows 10 Enterprise"
"CSLOUNGEZM1","True","Windows 10 Enterprise"
"AD474CW19","True","Windows 10 Enterprise"
"CSLOUNGEPM1","False","Windows 10 Enterprise"
"MEDLIBZM1","False","Windows 10 Enterprise"
"310ZM1","False","Windows 10 Enterprise"
"CSGROUPZM1","True","Windows 10 Enterprise"
"PC346CW18","True","Windows 10 Enterprise"
"MCBCB4W19","True","Windows 10 Enterprise"
"CSGROUPPM1","False","Windows 10 Enterprise"
"MCFD5W19","False","Windows 10 Enterprise"
"WL344FW20","True","Windows 10 Enterprise"
"MCFD1W20","True","Windows 10 Enterprise"
"MCTEST215C","False","Windows 10 Enterprise"
"MCTEST215BW19","True","Windows 10 Enterprise"
"MC215TESTAW19","True","Windows 10 Enterprise"
"MC353DESK2W19","True","Windows 10 Enterprise"
"AD474HW19","True","Windows 10 Enterprise"
"ADFD1W20","True","Windows 10 Enterprise"
"MCR2W19","True","Windows 10 Enterprise"
"PC3EKGLP1W20","True","Windows 10 Enterprise"
"PC3EKGLP2W20","True","Windows 10 Enterprise"
"EKG4W20","False","Windows 10 Enterprise"
"EKG2W20","False","Windows 10 Enterprise"
"QLJLS671W19","False","Windows 10 Enterprise"
"MCPF45W19","False","Windows 10 Enterprise"
"CSZR1W20","False","Windows 10 Enterprise"
"CSLAR206W20","False","Windows 10 Enterprise"
"310PM1","False","Windows 10 Enterprise"
"MEDLIBPM1","True","Windows 10 Enterprise"
"RXREG2W20","False","Windows 10 Enterprise"
"RXREG1W20","False","Windows 10 Enterprise"
"PC4310AW20","True","Windows 10 Enterprise"
"WLSECCAMW20","False","Windows 10 Enterprise"
"MININT-1J027VN","False","Windows 10 Enterprise"
"PHARM5W20","False","Windows 10 Enterprise"
"ABSOLUTERITEST","False","Windows 10 Enterprise"
"LOAN27W20","False","Windows 10 Enterprise"
"MCDR926W20","False","Windows 10 Enterprise"
"MCKH115W20","False","Windows 10 Enterprise"
"INSYS15W20","False","Windows 10 Enterprise"
"MCJND272W20","False","Windows 10 Enterprise"
"MREA979LPW20","False","Windows 10 Enterprise"
"MCSRL496W20","False","Windows 10 Enterprise"
"MCAEG450W20","False","Windows 10 Enterprise"
"MININT-NQA7P9B","False","Windows 10 Enterprise"
"QLMZ2138W20","False","Windows 10 Enterprise"
"PC4IF26W20","False","Windows 10 Enterprise"
"CSWRD2W20","True","Windows 10 Enterprise"
"CSGH211W20","True","Windows 10 Enterprise"
"PCDH357W20","False","Windows 10 Enterprise"
"ADSH165W20","False","Windows 10 Enterprise"
"AIDW28W20","False","Windows 10 Enterprise"
"CSLAPRB2447W17","True","Windows 7 Enterprise"
"INSFLT1W20","False","Windows 10 Enterprise"
"WHNEWTOE01W20","False","Windows 10 Enterprise"
"CSCP115W20","False","Windows 10 Enterprise"
"PCJL9323W20","False","Windows 10 Enterprise"
"PC4EMB2W20","False","Windows 10 Enterprise"
"PC4VG2133W20","False","Windows 10 Enterprise"
"ALDW28LPW20","False","Windows 10 Enterprise"
"PC4MP1966W20","False","Windows 10 Enterprise"
"PTRYGLEN01W20","False","Windows 10 Enterprise"
"INLA518W20","False","Windows 10 Enterprise"
"PTLG102W20","False","Windows 10 Enterprise"
"PTHF20W20","False","Windows 10 Enterprise"
"PD5-REMOTE","True","Windows 7 Enterprise"
"ADZRS209W20","False","Windows 10 Enterprise"
"CRCKNP261W20","False","Windows 10 Enterprise"
"PSSJC20W20","True","Windows 10 Enterprise"
"MININT-U5MJOCB","False","Windows 10 Enterprise"
"PSSSA166W20","True","Windows 10 Enterprise"
"PSSNC79W20","False","Windows 10 Enterprise"
"QLLL5W20","False","Windows 10 Enterprise"
"PSSTMF4W20","False","Windows 10 Enterprise"
"PSSAS12082W20","False","Windows 10 Enterprise"
"PCOG13W20","False","Windows 10 Enterprise"
"PSSXT1W20","False","Windows 10 Enterprise"
"ADLPSH165W20","False","Windows 10 Enterprise"
"PSSED100W20","False","Windows 10 Enterprise"
"PSSDJ16W20","False","Windows 10 Enterprise"
"PSSINC1W20","False","Windows 10 Enterprise"
"PSSAEP7LPW20","False","Windows 10 Enterprise"
"PSSEDL4W20","False","Windows 10 Enterprise"
"PSSCRM310W20","False","Windows 10 Enterprise"
"MOSESJCU9614W21","False","Windows 10 Enterprise"
"MOSESSA1770W20","False","Windows 10 Enterprise"
"CSMARTIA28W20","False","Windows 10 Enterprise"
"PCCC5903W20","False","Windows 10 Enterprise"
"MININT-VPBO6SV","False","Windows 10 Enterprise"
"PCJR4419W20","False","Windows 10 Enterprise"
"PCHOELZS01W20","False","Windows 10 Enterprise"
"PCLPIF26W20","False","Windows 10 Enterprise"
"PC3SA6277W20","False","Windows 10 Enterprise"
"PC3LV2092W20","False","Windows 10 Enterprise"
"PC3LJG2078W20","False","Windows 10 Enterprise"
"CSAB9542LPW20","False","Windows 10 Enterprise"
"SPBELOKL01LPW21","False","Windows 10 Enterprise"
"PC3EM4000W20","False","Windows 10 Enterprise"
"CSMR6123LPW20","False","Windows 10 Enterprise"
"CSJK5321LPW20","False","Windows 10 Enterprise"
"COVIDLP16W20","False","Windows 10 Enterprise"
"CSJP6155LPW20","False","Windows 10 Enterprise"
"CSJS12072LPW20","False","Windows 10 Enterprise"
"sccm2012","True","Windows Server 2019 Standard"
"COVIDLP6W20","False","Windows 10 Enterprise"
"MININT-M3L074B","False","Windows 10 Enterprise"
"COVIDLP5W20","False","Windows 10 Enterprise"
"PC3BJP246W20","False","Windows 10 Enterprise"
"PC3SA6280LPW20","False","Windows 10 Enterprise"
"COVIDLP2W20","False","Windows 10 Enterprise"
"MC202DW19","True","Windows 10 Enterprise"
"PHARM1W19","True","Windows 10 Enterprise"
"PHARM2W19","True","Windows 10 Enterprise"
"PC306AW19","False","Windows 10 Enterprise"
"SBFD1W19","False","Windows 10 Enterprise"
"WV235LAPTOP","False","Windows 10 Pro"
"ITLG132","False","Windows 10 Enterprise"
"CS47107W16","False","Windows 10 Enterprise"
"MC203AI","True","Windows 10 Enterprise"
"PCAL131LPW20","False","Windows 10 Pro"
"sophostestlaptop","True","Windows 7 Enterprise"
"PC3JO63LPW20","True","Windows 10 Enterprise"
"INSLA518LPW20","False","Windows 10 Enterprise"
"PC3CAD9047LPW20","False","Windows 10 Enterprise"
"PC3CH122LPW20","False","Windows 10 Enterprise"
"PC3MB8375LPW20","False","Windows 10 Enterprise"
"CSAA6545W20","False","Windows 10 Enterprise"
"IFMS10841LPW20","True","Windows 10 Enterprise"
"LOANER1","False","Windows 10 Enterprise"
"CSAA6545LPW20","False","Windows 10 Enterprise"
"CRC03W21","False","Windows 10 Enterprise"
"CRC02W21","False","Windows 10 Enterprise"
"CRC01W21","False","Windows 10 Enterprise"
"CSAM155W20","False","Windows 10 Enterprise"
"CLSDTC01","False",
"SQSDC03","False",
"WHSLC10006PCW21","False","Windows 10 Enterprise"
"WHSSLCPCW21","False","Windows 10 Enterprise"
"PC3SV2208W21","False","Windows 10 Enterprise"
"FAC352A2W21","True","Windows 10 Enterprise"
"FAC352HW21","False","Windows 10 Enterprise"
"GOLIATHWDC01","False","Windows Server 2016 Standard"
"PC3LPW21","False","Windows 10 Enterprise"
"PC3AG5487WFHW21","False","Windows 10 Enterprise"
"WIN10LOW01","False","Windows 10 Enterprise"
"LOANER2","False","Windows 10 Enterprise"
"MCSDCWIN10-504","False","Windows 10 Enterprise"
"RXSPOS1","True","Windows 7 Professional"
"PCRG3621W21","False","Windows 10 Enterprise"
"MCSDCWIN10-501","False","Windows 10 Enterprise"
"MCSDCWIN10-502","False","Windows 10 Enterprise"
"WIN10MASTER","False","Windows 10 Enterprise"
"MCREW8LPW21","False","Windows 10 Enterprise"
"PC3LOANERLP1W21","False","Windows 10 Enterprise"
"PC3LOANERLP2W21","False","Windows 10 Enterprise"
"PC3LOANERLP4W21","False","Windows 10 Enterprise"
"PC3LOANERLP3W21","False","Windows 10 Enterprise"
"CSAA6545LPW21","False","Windows 10 Enterprise"
"PC3BJP246LPW21","False","Windows 10 Enterprise"
"PPNCWDC03","True","Windows Server 2016 Standard"
"DTSHC1W19","True","Windows 10 Enterprise"
"CS47105W16","True","Windows 10 Enterprise"
"CS47116W16","True","Windows 10 Enterprise"
"CS47123W16","True","Windows 10 Enterprise"
"CS47119W16","True","Windows 10 Enterprise"
"CS47115W16","True","Windows 10 Enterprise"
"PC468C5W18","True","Windows 10 Enterprise"
"VACC03W21","False","Windows 10 Enterprise"
"PC341AW22","False","Windows 10 Enterprise"
"CS47112W16","True","Windows 10 Enterprise"
"CS47113W16","True","Windows 10 Enterprise"
"CS47118W16","True","Windows 10 Pro"
"VACC10W21","False","Windows 10 Enterprise"
"MCBOCW22","True","Windows 10 Enterprise"
"CS35102W16","False","Windows 10 Enterprise"
"hpoblackmac1","True","Mac OS X"
"PPNC-CLST","True","Windows Server 2016 Standard"
"VOSDC01","False","Windows Server 2012 R2 Standard"
"MCSDCWIN16-508","False","Windows Server 2016 Standard"
"CACDBSDC01","True","Windows Server 2012 R2 Standard"
"WMSDC01","False","Windows Server 2012 R2 Standard"
"DPNCAPPSDC02","False","Windows Server 2016 Standard"
"MCWDCWIN10-502","False","Windows 10 Enterprise"
"WMSDC03","False","Windows Server 2012 R2 Standard"
"MCSDCWIN16-510","False","Windows Server 2016 Standard"
"CACSDC04","True","Windows Server 2012 R2 Standard"
"MCSDCWIN16-502","False","Windows Server 2016 Standard"
"SQSDC-03","False","Windows Server 2016 Standard"
"DCCAWS01A","True","Windows Server 2016 Standard"
"SFAWS02b","True","Windows Server 2016 Standard"
"SFAWS02A","True","Windows Server 2016 Standard"
"SFAWS01A","True","Windows Server 2016 Standard"
"DCCAWS01B","True","Windows Server 2016 Standard"
"PPNCCOMSDC01","True","Windows Server 2016 Standard"
"MCAWSWin16-2A","True","Windows Server 2016 Standard"
"MCAWSWin16-3b","True","Windows Server 2016 Standard"
"SFAWS01b","True","Windows Server 2016 Standard"
"MCAWSWin16-2b","True","Windows Server 2016 Standard"
"PPNCAPPSDC01","True","Windows Server 2016 Standard"
"VACC05W21","False","Windows 10 Enterprise"
"OSCARTESTBOX","False","Windows Server 2016 Standard"
"MCAWSWin16-1B","True","Windows Server 2016 Standard"
"CACSDC01","True","Windows Server 2012 R2 Standard"
"SDCSAN2","False","Windows Server 2016 Standard"
"MCAWSWin16-3A","True","Windows Server 2016 Standard"
"SYNSDC01","True","Windows Server 2019 Standard"
"RXSPOS2","True","Windows 7 Professional"
"MCWDCWIN16-503","False","Windows Server 2016 Standard"
"PINFRA-CLST","True","Windows Server 2016 Standard"
"VESDC-01","False","Windows Server 2016 Standard"
"WIN16MASTER","False","Windows Server 2016 Standard"
"dcwdc-02","False","Windows Server 2016 Standard"
"CS47106W16","True","Windows 10 Enterprise"
"TMSDC01","False","Windows Server 2012 R2 Standard"
"MCWDCWIN10-501","False","Windows 10 Enterprise"
"WH429W21","True","Windows 10 Enterprise"
"IT352GAW20","True","Windows 10 Enterprise"
"dcwdc-01","False","Windows Server 2016 Standard"
"MCWDCWIN16-504","False","Windows Server 2016 Standard"
"VEWDC-01","True","Windows Server 2016 Standard"
"SVSDC01","True","Windows Server 2012 R2 Standard"
"MCSDCWIN16-503","False","Windows Server 2016 Standard"
"MCSDCWIN16-504","False","Windows Server 2016 Standard"
"vwits01","True","Windows Server 2016 Standard"
"PINFRAWDC02","False","Windows Server 2016 Standard"
"sqwdc-02","False","Windows Server 2016 Standard"
"SP01PMVWI","True","Windows Server 2012 R2 Standard"
"sfwdc-02","False","Windows Server 2016 Standard"
"PINFRAWDC01","True","Windows Server 2016 Standard"
"WMSDC05","False","Windows Server 2012 R2 Standard"
"MCWDCWIN16-501","False","Windows Server 2016 Standard"
"SFsdc-01","False","Windows Server 2016 Standard"
"VCWDC01","True","Windows Server 2012 R2 Standard"
"hpojennyx19","True","Mac OS X"
"PINFRA-PROD","True","Windows Server 2016 Standard"
"vcsdc01","False","Windows Server 2012 R2 Standard"
"MCSDCWIN10-503","False","Windows 10 Enterprise"
"hpostudentam19","False","Mac OS X"
"METWDC01","False","Windows Server 2016 Standard"
"DPNCWDC04","False","Windows Server 2016 Standard"
"PPNCTMPSDC01","False","Windows Server 2016 Standard"
"MININT-1QVKEK4","False","Windows 10 Enterprise"
"MININT-8G3L0UL","False","Windows 10 Enterprise"
"SOSDC01","False","Windows Server 2019 Standard"
"FILAT5486W21","False","Windows 10 Enterprise"
"VACC09W21","False","Windows 10 Enterprise"
"VACC11W21","False","Windows 10 Enterprise"
"VACC19W21","False","Windows 10 Enterprise"
"WMSDC06","False","Windows Server 2012 R2 Standard"
"CS47108W16","True","Windows 10 Enterprise"
"CS47117W16","True","Windows 10 Enterprise"
"CS47120W16","True","Windows 10 Enterprise"
"MCBODW22","False","Windows 10 Enterprise"
"2BTESTB","True","Windows 10 Enterprise"
"CS47102W16","True","Windows 10 Enterprise"
"CS47103W16","True","Windows 10 Enterprise"
"CS47104W16","True","Windows 10 Enterprise"
"CS47109W16","True","Windows 10 Enterprise"
"CS47111W16","True","Windows 10 Enterprise"
"CS47122W16","True","Windows 10 Enterprise"
"CS47114W16","True","Windows 10 Enterprise"
"DAGSDC01","True","Windows Server 2016 Standard"
"MCBOAW22","True","Windows 10 Enterprise"
"VEWDC-02","True","Windows Server 2016 Standard"
"sqwdc-01","False","Windows Server 2016 Standard"
"THESPACEPC01","False","Windows 7 Enterprise"
"MC214BF","True","Windows 10 Enterprise"
"CS47110W16","True","Windows 10 Enterprise"
"WS202W15","True","Windows 10 Enterprise"
"CS1217W17","True","Windows 10 Enterprise"
"GAL532W17","True","Windows 10 Enterprise"
"RYANT1700W18","True","Windows 10 Enterprise"
"PNCISEDC02","False","Windows Server 2012 R2 Standard"
"PNCISEDC01","False","Windows Server 2012 R2 Standard"
"vwisy03","False","Windows Server 2008 R2 Enterprise"
"PNC-STANDBY01","False","Windows Server? 2008 Enterprise"
"vwisy02","False","Windows Server 2008 R2 Enterprise"
"VWISY04","False","Windows Server 2012 R2 Standard"
"CWSDC05","False","Windows Server 2012 R2 Standard"
"pswdc-01","False","Windows Server 2016 Standard"
"pswdc-02","False","Windows Server 2016 Standard"
"PSsdc-01","False","Windows Server 2016 Standard"
"PSsdc-02","False","Windows Server 2016 Standard"
"WV357WV7","False","Windows 7 Enterprise"
"shcitmac27","False","Mac OS X"
"LCSDC01-WDC","False","Windows Server 2016 Standard"
"medlibw17","False","Windows 10 Enterprise"
"SENTRY1SDC","False","Windows Server 2016 Standard"
"CSLAPAKINOLAW18","False","Windows 10 Enterprise"
"admin474hmac","False","Mac OS X"
"SQWDCH01","False","Windows Server 2016 Standard"
"MCWDCWIN10-504","False","Windows 10 Enterprise"
"MCWDCWIN10-505","False","Windows 10 Enterprise"
"MCWDCWIN10-507","False","Windows 10 Enterprise"
"MCWDCWIN10-508","False","Windows 10 Enterprise"
"MCWDCWIN10-509","False","Windows 10 Enterprise"
"MCWDCWIN10-510","False","Windows 10 Enterprise"
"MCWDCWIN10-511","False","Windows 10 Enterprise"
"MCWDCWIN10-512","False","Windows 10 Enterprise"
"MCWDCWIN10-513","False","Windows 10 Enterprise"
"MCWDCWIN10-514","False","Windows 10 Enterprise"
"MCWDCWIN10-515","False","Windows 10 Enterprise"
"MCWDCWIN10-516","False","Windows 10 Enterprise"
"MCWDCWIN10-517","False","Windows 10 Enterprise"
"MCREW8W18","False","Windows 10 Enterprise"
"mcwdcwin10-503","False","Windows 10 Enterprise"
"hpomacbook1","False","Mac OS X"
"hpostudentbm19","False","Mac OS X"
"hptn33m19","False","Mac OS X"
"NESHIGHWDC01","False","Windows Server 2016 Standard"
"hptn33lpm19","False","Mac OS X"
"hplpjmm693m19","False","Mac OS X"
"ADHP1309W19","False","Windows 10 Enterprise"
"KITCHEN1W19","False","Windows 10 Enterprise"
"KITCHEN2W19","False","Windows 10 Enterprise"
"skwdc01","False","Windows Server 2016 Standard"
"skwdc02","False","Windows Server 2016 Standard"
"CNSDC01","False","Windows Server 2016 Standard"
"IT357W20","False","Windows 10 Enterprise"
"hpstucm19","False","Mac OS X"
"TENABSC01","False","Windows Server 2016 Standard"
"DRDPSDC01","False","Windows Server 2016 Standard"
"LOAN24W20","False","Windows 10 Enterprise"
"MCNC48W20","False","Windows 10 Enterprise"
"LOAN36W20","False","Windows 10 Enterprise"
"MCMO1529W20","False","Windows 10 Enterprise"
"WLLK1407W20","False","Windows 10 Enterprise"
"MRVL38W20","False","Windows 10 Enterprise"
"CSWHY1W20","False","Windows 10 Enterprise"
"WLALB619W20","True","Windows 10 Enterprise"
"PC3AF168W20","False","Windows 10 Enterprise"
"PC4AP50W20","False","Windows 10 Enterprise"
"PNES72601","False","Windows Server 2019 Standard"
"OFSDC01","False","Windows Server 2016 Standard"
"PNESWDC01","False","Windows Server 2019 Standard"
"DAPXYSDC01","False","Windows Server 2016 Standard"
"MCSDCWIN10-505","False","Windows 10 Enterprise"
"MCSDCWIN10-506","False","Windows 10 Enterprise"
"MCSDCWIN10-507","False","Windows 10 Enterprise"
"MCSDCWIN10-508","False","Windows 10 Enterprise"
"MCSDCWIN10-509","False","Windows 10 Enterprise"
"MCSDCWIN10-510","False","Windows 10 Enterprise"
"WIN10ALLISON","False","Windows 10 Enterprise"
"WIN10LOW02","False","Windows 10 Enterprise"
"WIN10LOW03","False","Windows 10 Enterprise"
"WIN10LOW04","False","Windows 10 Enterprise"
"WIN10LOW05","False","Windows 10 Enterprise"
"WIN10LOW06","False","Windows 10 Enterprise"
"MININT-J6E8JI3","False","Windows 10 Enterprise"
"APLKWDC01","False","Windows Server 2019 Standard"
"MININT-99OPTAH","False","Windows 10 Enterprise"
"MININT-KUH20O6","False","Windows 10 Enterprise"
"MININT-ESUARM9","False","Windows 10 Enterprise"
"MININT-4ICN2UT","False","Windows 10 Enterprise"
"MININT-BHOJBFV","False","Windows 10 Enterprise"
"MININT-HJEE2OC","False","Windows 10 Enterprise"
"MININT-MBTAFCR","False","Windows 10 Enterprise"
"MININT-79KIHUP","False","Windows 10 Enterprise"
"MININT-MUMRTRM","False","Windows 10 Enterprise"
"MININT-1H3TPIG","False","Windows 10 Enterprise"
"MININT-C4MIUTN","False","Windows 10 Enterprise"
"FACJFS10WFHW20","False","Windows 10 Enterprise"
"COVIDTEST8W20","False","Windows 10 Enterprise"
"COVIDTEST5W20","False","Windows 10 Enterprise"
"COVIDTEST7W20","False","Windows 10 Enterprise"
"COVIDTEST4W20","False","Windows 10 Enterprise"
"COVIDTEST3W20","False","Windows 10 Enterprise"
"COVIDTEST2W20","False","Windows 10 Enterprise"
"COVIDTEST14W20","False","Windows 10 Enterprise"
"COVIDTEST13W20","False","Windows 10 Enterprise"
"COVIDTEST12W20","False","Windows 10 Enterprise"
"COVIDTEST11W20","False","Windows 10 Enterprise"
"COVIDTEST9W20","False","Windows 10 Enterprise"
"COVIDTEST15W20","False","Windows 10 Enterprise"
"COVIDTEST16W20","False","Windows 10 Enterprise"
"COVIDTEST17W20","False","Windows 10 Enterprise"
"COVIDTEST18W20","False","Windows 10 Enterprise"
"COVIDTEST21W20","False","Windows 10 Enterprise"
"MININT-A9F9J0A","False","Windows 10 Enterprise"
"MININT-VA4F7SF","False","Windows 10 Enterprise"
"MININT-9E9FNTJ","False","Windows 10 Enterprise"
"COVIDLP22W20","False","Windows 10 Enterprise"
"PC3ZSS2004W20","False","Windows 10 Enterprise"
"MININT-4FSMNJV","False","Windows 10 Enterprise"
"PNC-PRODUCT02","False","Windows Server 2019 Standard"
"SYNSDC02","False","Windows Server 2019 Standard"
"VACC08W21","False","Windows 10 Enterprise"
"CSAA6545RDPW20","False","Windows 10 Enterprise"
"MEETING1W21","False","Windows 10 Enterprise"
"BKFD1W21","True","Windows 10 Enterprise"
"MEETING3W21","False","Windows 10 Enterprise"
"PADA77DKTPW21","False","Windows 10 Enterprise"
"PARVM2000DKTPW2","False","Windows 10 Enterprise"
"PAJC8416DKTPW21","False","Windows 10 Enterprise"
"CRCSMB687PCW21","False","Windows 10 Enterprise"
"MRAK90DKTPW21","False","Windows 10 Enterprise"
"MININT-522OV4G","False","Windows 10 Enterprise"
"MCBOEW22","True","Windows 10 Enterprise"
"VACC13W21","False","Windows 10 Enterprise"
"VACC15W21","False","Windows 10 Enterprise"
"CWISLAMW22","True","Windows 10 Enterprise"
"CS35106W16","False","Windows 10 Enterprise"
"dcsdc-02","False","Windows Server 2016 Standard"
"tracis-mac","True","Mac OS X"
"SKSDC01","False","Windows Server 2012 R2 Standard"
"MCWDCWIN10-506","False","Windows 10 Enterprise"
"MCRPC1ZMW19","True","Windows 10 Enterprise"
"VCENTERLAB","False","Windows Server 2012 R2 Standard"
"DPNCWDC05","False","Windows Server 2019 Standard"
"SFWDC-01","False","Windows Server 2016 Standard"
"MCWDCWIN16-505","False","Windows Server 2016 Standard"
"MCSDCWIN16-511","False","Windows Server 2016 Standard"
"sksdc02","False","Windows Server 2016 Standard"
"MC215DW20","True","Windows 10 Enterprise"
"MCRPC2ZMW19","True","Windows 10 Enterprise"
"DPNCAPPSDC01","True","Windows Server 2016 Standard"
"VWM02","True","Windows Server 2016 Standard"
"MCSDCWIN16-512","False","Windows Server 2016 Standard"
"ITOPS01","True","Windows Server 2016 Standard"
"DPNCPXYSDC02","True","Windows Server 2016 Standard"
"CWDB01PMVWI","False","Windows Server 2012 R2 Standard"
"ATSDC02","True","Windows Server 2016 Standard"
"ATSDC01","True","Windows Server 2012 R2 Standard"
"MCSDCWIN16-513","False","Windows Server 2016 Standard"
"PPNC-PRO","True","Windows Server 2016 Standard"
"DPNCCOMSDC01","True","Windows Server 2016 Standard"
"SH01TBVWI","True","Windows Server 2012 R2 Standard"
"QS1SDC01","True","Windows Server 2016 Standard"
"WMSDC04","False","Windows Server 2012 R2 Standard"
"DPNCPXYSDC01","True","Windows Server 2016 Standard"
"MCSDCWIN16-505","False","Windows Server 2016 Standard"
"SFSDC-02","False","Windows Server 2016 Standard"
"MCWDCWIN16-502","False","Windows Server 2016 Standard"
"WMSDC02","False","Windows Server 2012 R2 Standard"
"PPNCPXYSDC01","True","Windows Server 2016 Standard"
"CASWDC01","True","Windows Server 2016 Standard"
"PINFRASDC03","True","Windows Server 2016 Standard"
"PPNCSDC02","False","Windows Server 2016 Standard"
"PPNCPXYSDC02","True","Windows Server 2016 Standard"
"PPNCSDC01","True","Windows Server 2016 Standard"
"mcsdcwin16-507","False","Windows Server 2016 Standard"
"MCSDCWIN16-509","False","Windows Server 2016 Standard"
"OV4LAPTOP","True","Windows 10 Enterprise"
"VACC01W21","False","Windows 10 Enterprise"
"MCWDCWIN16-506","False","Windows Server 2016 Standard"
"MCSDCWIN16-506","False","Windows Server 2016 Standard"
"DPNCWDC03","False","Windows Server 2016 Standard"
"DPNCSDC01","True","Windows Server 2016 Standard"
"DPNC-DEV","True","Windows Server 2016 Standard"
"DPNC-CLST","True","Windows Server 2016 Standard"
"DPNCSDC02","True","Windows Server 2016 Standard"
"dcsdc-01","False","Windows Server 2016 Standard"
"MCAWSWin16-1A","True","Windows Server 2016 Standard"
"DPNC-DEV1","False","Windows Server 2016 Standard"
"PPNC-PRO1","False","Windows Server 2016 Standard"
"IFSSM3961LPW21","False","Windows 10 Enterprise"
"TI462RDPW21","True","Windows 10 Enterprise"
"MC200CW21","True","Windows 10 Enterprise"
"CRCMDJ9638W21","False","Windows 10 Enterprise"
"AD474LW21","True","Windows 10 Enterprise"
"DESKTOP-GL0Q3LU","False","Windows 10 Enterprise"
"PC306AW21","True","Windows 10 Enterprise"
"CRCAC9699W21","False","Windows 10 Enterprise"
"CRCMD5313W21","False","Windows 10 Enterprise"
"CSMMB585W21","False","Windows 10 Enterprise"
"PC305W22","True","Windows 10 Enterprise"
"CSBK58W21","False","Windows 10 Enterprise"
"KITCHEN2W21","False","Windows 10 Enterprise"
"KITCHEN1W21","True","Windows 10 Enterprise"
"MC215AW21","False","Windows 10 Enterprise"
"MCMC8529W21","False","Windows 10 Enterprise"
"726Windows2016","True","Windows Server 2016 Datacenter"
"PSAWS01","True","Windows Server 2019 Standard"
"HyperVCluster726","True","Windows Server 2016 Datacenter"
"PPNCAWSSQLRPT01","False","Windows Server 2019 Standard"
"MININT-FN1I10M","False","Windows 10 Enterprise"
"WLTJ45W19","False","Windows 10 Enterprise"
"PC3LJB396W21","False","Windows 10 Enterprise"
"LONDONW21","False","Windows 10 Enterprise"
"MININT-R7LUS2E","False","Windows 10 Enterprise"
"MININT-P54D9L3","False","Windows 10 Enterprise"
"BUENOSW21","False","Windows 10 Enterprise"
"WELLCAMERAW21","True","Windows 10 Enterprise"
"IT352GSRW21","True","Windows 10 Enterprise"
"PC4EXAMROOMTEST","False","Windows 10 Enterprise"
"ADCMW227W21","False","Windows 10 Enterprise"
"PC4EKGLP1W21","True","Windows 10 Enterprise"
"PC4EKGLP2W21","True","Windows 10 Enterprise"
"MCBT17W22","True","Windows 10 Enterprise"
"MCBT01W22","True","Windows 10 Enterprise"
"MCBT15W22","True","Windows 10 Enterprise"
"MCBT05W22","True","Windows 10 Enterprise"
"MCBT02W22","True","Windows 10 Enterprise"
"OP472CW21","False","Windows 10 Enterprise"
"MCBT16W22","True","Windows 10 Enterprise"
"MCBT13W22","True","Windows 10 Enterprise"
"MCBT06W22","True","Windows 10 Enterprise"
"MCBT18W22","True","Windows 10 Enterprise"
"MCBT04W22","True","Windows 10 Enterprise"
"CRCTW2594W21","False","Windows 10 Enterprise"
"MCBT03W22","True","Windows 10 Enterprise"
"MCBT07W22","True","Windows 10 Enterprise"
"MCBT20W22","True","Windows 10 Enterprise"
"MCBT12W22","True","Windows 10 Enterprise"
"MCBT11W22","True","Windows 10 Enterprise"
"MCBT14W22","True","Windows 10 Enterprise"
"MCBT21W22","True","Windows 10 Enterprise"
"MC203RW21","False","Windows 10 Enterprise"
"MCBT19W22","True","Windows 10 Enterprise"
"CS351AW21","False","Windows 10 Enterprise"
"CS351EW21","False","Windows 10 Enterprise"
"CS351FW21","False","Windows 10 Enterprise"
"CS351GW21","False","Windows 10 Enterprise"
"CS351HW21","False","Windows 10 Enterprise"
"TESTERR","False","Windows 10 Enterprise"
"MRLMB9W21","False","Windows 10 Enterprise"
"CS351IW21","False","Windows 10 Enterprise"
"CS351LW21","True","Windows 10 Enterprise"
"CS351KW21","True","Windows 10 Enterprise"
"CS351JW21","True","Windows 10 Enterprise"
"CS351CW21","False","Windows 10 Enterprise"
"PC3TM3832W21","False","Windows 10 Enterprise"
"PC3CB4897W21","False","Windows 10 Enterprise"
"WL344CW21","True","Windows 10 Enterprise"
"WL344HW21","True","Windows 10 Enterprise"
"MC353GW22","True","Windows 10 Enterprise"
"SSSWG01BW22","True","Windows 10 Enterprise"
"WL344IW21","True","Windows 10 Enterprise"
"WL344DW21","True","Windows 10 Enterprise"
"SPACE1W22","False","Windows 10 Enterprise"
"SPACE2W22","False","Windows 10 Enterprise"
"AD474FD1W22","True","Windows 10 Enterprise"
"AD474GW22","True","Windows 10 Enterprise"
"OP472CW22","True","Windows 10 Enterprise"
"OP472BW22","True","Windows 10 Enterprise"
"ITSR5792LPW22","False","Windows 10 Enterprise"
"CRCSNV208LPW22","False","Windows 10 Enterprise"
"WS202W22","False","Windows 10 Enterprise"
"cs1218w17","True","Windows 10 Enterprise"
"CSKIMMEL806W10","False","Windows 10 Enterprise"
"OPFD1W22","True","Windows 10 Enterprise"
"OPFD2W22","True","Windows 10 Enterprise"
"AIST41LPW22","True","Windows 10 Enterprise"
"CSAS16982LPW22","False","Windows 10 Enterprise"
"MRAK90W22","False","Windows 10 Enterprise"
"PSSLOBBY1W22","False","Windows 10 Enterprise"
"PC3MB8375LPW22","True","Windows 10 Enterprise"
"PC4FD1W22","True","Windows 10 Enterprise"
"PC4FD3W22","True","Windows 10 Enterprise"
"PTSYC299LPW22","True","Windows 10 Enterprise"
"PC4FD2W22","True","Windows 10 Enterprise"
"PC4FD4W22","True","Windows 10 Enterprise"
"OP472DW19","True","Windows 10 Enterprise"
"CSKIMMEL806W22","True","Windows 10 Enterprise"
"BERLINLPW22","False","Windows 10 Enterprise"
"PTFD1W22","True","Windows 10 Enterprise"
"PTFD2W22","True","Windows 10 Enterprise"
"PTRYGLEN01W22","True","Windows 10 Enterprise"
"PT460C1W22","True","Windows 10 Enterprise"
"PT460C2W22","True","Windows 10 Enterprise"
"OV4EXAMW22","False","Windows 10 Enterprise"
"MCJCU9614LPW22","False","Windows 10 Enterprise"
"WLDG1277LPW22","False","Windows 10 Enterprise"
"MCJCU9614LP2W22","False","Windows 10 Enterprise"
"WELLNESSTESTCAM","False","Windows 10 Enterprise"
"CSSEK571LPW22","False","Windows 10 Enterprise"
"WHSLC10006LPW22","False","Windows 10 Enterprise"
"CRCALJ9168LPW22","False","Windows 10 Enterprise"
"WLTZ538LPW22","False","Windows 10 Enterprise"
"MCJS7044LPW22","False","Windows 10 Enterprise"
"WH405W22","False","Windows 10 Enterprise"
"stevetest","False",
"WHMDN2LPW22","False","Windows 10 Enterprise"
"WL344K11W22","True","Windows 10 Enterprise"
"WL344K09W22","True","Windows 10 Enterprise"
"WL344K07W22","True","Windows 10 Enterprise"
"WL344K05W22","True","Windows 10 Enterprise"
"WL344K03W22","True","Windows 10 Enterprise"
"WEBAPPS2016","False","Windows Server 2016 Standard"
"CSSEK571LP2W22","False","Windows 10 Enterprise"
"WLBW1437LPW22","False","Windows 10 Enterprise"
"CRCED1117LPW22","False","Windows 10 Enterprise"
"MININT-6O1OOO4","False","Windows 10 Enterprise"
"FAC352LW22","True","Windows 10 Enterprise"
"FAC352L2W22","False","Windows 10 Enterprise"
"CRCALJ9168W22","False","Windows 10 Enterprise"
"FACAG9277LPW22","False","Windows 10 Enterprise"
"WIN10ONEDRIVE","False","Windows 10 Enterprise"
"WLMF154LPW22","False","Windows 10 Enterprise"
"WLSLS14LPW22","False","Windows 10 Enterprise"
"desktop-r4f09kk","False","Windows 10 Enterprise"
"QIBC3562W22","False","Windows 10 Enterprise"
"IFRL2842W22","False","Windows 10 Enterprise"
"CRCTL2738W22","False","Windows 10 Enterprise"
"MCLKB329LP2W22","False","Windows 10 Enterprise"
"PCKM5318W22","False","Windows 10 Enterprise"
"ITWV235LPW22","True","Windows 10 Enterprise"
"PC324W22","False","Windows 10 Enterprise"
"MR336FW22","True","Windows 10 Enterprise"
"PCAF168LPW22","False","Windows 10 Enterprise"
"SCCM2019W22","True","Windows Server 2019 Standard"
"X1READY0","True","Windows 10 Enterprise"
"MRHA3677LPW22","False","Windows 10 Enterprise"
"CRCAL4685LPW22","True","Windows 10 Enterprise"
"XPS13READY","False","Windows 10 Enterprise"
"SPVT2151LPW22","False","Windows 10 Enterprise"
"MCLKB329LPW22","False","Windows 10 Enterprise"
"PCKB156LPW22","False","Windows 10 Enterprise"
"WLRCS508LPW22","False","Windows 10 Enterprise"
"WLRG4572LPW22","False","Windows 10 Enterprise"
"5510R7","False","Windows 10 Enterprise"
"PTHF20LPW22","True","Windows 10 Enterprise"
"QINIV7154LPW22","False","Windows 10 Enterprise"
"MCBOBW22","True","Windows 10 Enterprise"
"MCKP3223LPW22","False","Windows 10 Enterprise"
"X1WARRANTY","False","Windows 10 Enterprise"
"PTHF20LP1W22","False","Windows 10 Enterprise"
"CS47102W22","False","Windows 10 Enterprise"
"PTGH1290LP1W22","False","Windows 10 Enterprise"
"CS47103W22","False","Windows 10 Enterprise"
"PC341BW22","False","Windows 10 Enterprise"
"CS47104W22","False","Windows 10 Enterprise"
"CS47105W22","False","Windows 10 Enterprise"
"PC3MV1748LP1W22","False","Windows 10 Enterprise"
"CS47106W22","False","Windows 10 Enterprise"
"CS47107W22","True","Windows 10 Enterprise"
"CS47108W22","False","Windows 10 Enterprise"
"CS47109W22","False","Windows 10 Enterprise"
"CS47110W22","False","Windows 10 Enterprise"
"CS47111W22","False","Windows 10 Enterprise"
"CS47112W22","False","Windows 10 Enterprise"
"CS47113W22","False","Windows 10 Enterprise"
"CS47114W22","False","Windows 10 Enterprise"
"CS47115W22","False","Windows 10 Enterprise"
"CS47116W22","False","Windows 10 Enterprise"
"CS351AW22","True","Windows 10 Enterprise"
"CS351CW22","True","Windows 10 Enterprise"
"INLA518LPW22","False","Windows 10 Enterprise"
"CS351EW22","True","Windows 10 Enterprise"
"CS351FW22","True","Windows 10 Enterprise"
"CS351GW22","True","Windows 10 Enterprise"
"MCBT08W22","True","Windows 10 Enterprise"
"MCBT09W22","True","Windows 10 Enterprise"
"CS351IW22","True","Windows 10 Enterprise"
"MCBT10W22","True","Windows 10 Enterprise"
"CRCKN1615W22","False","Windows 10 Enterprise"
"IFTW850LPW22","True","Windows 10 Enterprise"
"PCROGB041W22","True","Windows 10 Enterprise"
"WLAL4685LPW22","True","Windows 10 Enterprise"
"CRCRJK373LPW22","False","Windows 10 Enterprise"
"IT352IW22","True","Windows 10 Enterprise"
"FILL4583LPW22","True","Windows 10 Enterprise"
"MC202BW22","True","Windows 10 Enterprise"
"CSSG7860LPW22","True","Windows 10 Enterprise"
"AD474DW22","True","Windows 10 Enterprise"
"IT352IBW22","True","Windows 10 Enterprise"
"FLUVACC01W22","False","Windows 10 Enterprise"
"FLUVACC02W22","True","Windows 10 Enterprise"
"FLUVACC04W22","False","Windows 10 Enterprise"
"FLUVACC03W22","False","Windows 10 Enterprise"
"FLUVACC05W22","False","Windows 10 Enterprise"
"FLUVACC06W22","False","Windows 10 Enterprise"
"FLUVACC07W22","False","Windows 10 Enterprise"
"CS351HW22","True","Windows 10 Enterprise"
"FLUVACC08W22","False","Windows 10 Enterprise"
"WLTAC405LPW22","True","Windows 10 Enterprise"
"PCAJS375PCW22","True","Windows 10 Enterprise"
"MININT-HKC293N","True","Windows 10 Enterprise"
"MININT-10FERB6","True","Windows 10 Enterprise"
"MININT-I8SJTSJ","True","Windows 10 Enterprise"
"MININT-1K2L9PB","True","Windows 10 Enterprise"
"PC3HOELZS01LPW2","True","Windows 10 Enterprise"
"VEA726-01","True","Windows Server 2019 Standard"
"357TESTENVT","True","unknown"
"WV697WEA","True","Windows 10 Enterprise LTSC"
"2BTESTA","True","Windows 10 Enterprise"
"LENOVOREADY1","True","Windows 10 Enterprise"
"WLFDW22","True","Windows 10 Enterprise"
"MRLMB9LPW22","True","Windows 10 Enterprise"
"5510C","True","Windows 10 Enterprise"
"INSJC8416LPW22","True","Windows 10 Enterprise"
"FLUVACC02BW22","False","Windows 10 Enterprise"
"PTLG102W22","True","Windows 10 Enterprise"
"CS47118W22","True","Windows 10 Enterprise"
